,Time,RPM,Speed,nGear,Throttle,Brake,DRS,Distance
2,0 days 00:00:00.000000,11211,314,8,100,False,8,0.0
3,0 days 00:00:00.119000,11231,315,8,100,False,8,10.4125
4,0 days 00:00:00.232000,11272,316,8,100,False,8,20.33138888888889
5,0 days 00:00:00.432000,11285,317,8,100,False,8,37.942499999999995
6,0 days 00:00:00.439000,11280,317,8,100,False,8,38.55888888888889
7,0 days 00:00:00.592000,11275,318,8,100,False,8,52.07388888888889
8,0 days 00:00:00.739000,11311,318,8,100,False,8,65.05888888888889
9,0 days 00:00:00.952000,11348,318,8,100,False,8,83.87388888888889
10,0 days 00:00:01.039000,11371,318,8,100,False,8,91.55888888888889
11,0 days 00:00:01.152000,11394,319,8,100,False,14,101.57194444444444
12,0 days 00:00:01.199000,11453,320,8,100,False,14,105.74972222222223
13,0 days 00:00:01.432000,11512,322,8,100,False,14,126.59027777777777
14,0 days 00:00:01.632000,11513,323,8,100,False,12,144.5347222222222
15,0 days 00:00:01.659000,11538,323,8,100,False,12,146.9572222222222
16,0 days 00:00:01.899000,11564,324,8,100,False,12,168.5572222222222
17,0 days 00:00:02.032000,11590,325,8,100,False,12,180.56416666666667
18,0 days 00:00:02.079000,11587,325,8,100,False,12,184.80722222222224
19,0 days 00:00:02.272000,11584,326,8,100,False,12,202.28444444444443
20,0 days 00:00:02.379000,11604,327,8,100,False,12,212.00361111111113
21,0 days 00:00:02.472000,11625,328,8,100,False,12,220.47694444444446
22,0 days 00:00:02.599000,11654,328,8,100,False,12,232.04805555555558
23,0 days 00:00:02.712000,11684,328,8,100,False,12,242.34361111111113
24,0 days 00:00:02.779000,11684,328,8,100,False,12,248.44805555555556
25,0 days 00:00:02.871000,11684,329,8,100,False,12,256.85583333333335
26,0 days 00:00:03.031000,11787,331,8,100,False,12,271.56694444444446
27,0 days 00:00:03.079000,11803,331,8,100,False,12,275.9802777777778
28,0 days 00:00:03.239000,11820,331,8,100,False,12,290.6913888888889
29,0 days 00:00:03.351000,11837,332,8,100,False,12,301.02027777777784
30,0 days 00:00:03.479000,11855,332,8,100,False,12,312.8247222222223
31,0 days 00:00:03.551000,11874,333,8,100,False,12,319.48472222222233
32,0 days 00:00:03.659000,11868,333,8,100,False,12,329.4747222222223
33,0 days 00:00:03.951000,11863,334,8,100,False,12,356.56583333333344
34,0 days 00:00:03.959000,11885,334,8,100,False,12,357.30805555555565
35,0 days 00:00:04.158000,11908,334,8,100,False,12,375.7708333333335
36,0 days 00:00:04.351000,11931,335,8,100,False,12,393.73055555555567
37,0 days 00:00:04.378000,11966,336,8,100,False,12,396.2505555555557
38,0 days 00:00:04.591000,12001,337,8,100,False,12,416.1897222222224
39,0 days 00:00:04.751000,12044,338,8,100,False,12,431.2119444444446
40,0 days 00:00:04.779000,12040,338,8,100,False,12,433.8408333333335
41,0 days 00:00:04.918000,12037,338,8,100,False,12,446.8913888888891
42,0 days 00:00:05.071000,12034,338,8,100,False,12,461.25638888888903
43,0 days 00:00:05.339000,12056,339,8,100,False,12,486.49305555555577
44,0 days 00:00:05.392000,12079,340,8,100,False,12,491.4986111111113
45,0 days 00:00:05.539000,12093,340,8,100,False,12,505.38194444444457
46,0 days 00:00:05.552000,12107,340,8,100,False,12,506.60972222222233
47,0 days 00:00:05.798000,12112,340,8,100,False,12,529.8430555555557
48,0 days 00:00:05.872000,12117,340,8,100,False,12,536.8319444444445
49,0 days 00:00:05.998000,12142,340,8,99,False,12,548.7319444444445
50,0 days 00:00:06.219000,12167,341,8,99,False,12,569.6655555555556
51,0 days 00:00:06.312000,12193,342,8,99,False,12,578.5005555555556
52,0 days 00:00:06.379000,12172,342,8,99,False,12,584.8655555555555
53,0 days 00:00:06.472000,12151,342,8,99,False,12,593.7005555555555
54,0 days 00:00:06.679000,12164,342,8,99,False,12,613.3655555555555
55,0 days 00:00:06.712000,12177,342,8,100,False,12,616.5005555555555
56,0 days 00:00:06.818000,12183,342,8,100,False,12,626.5705555555554
57,0 days 00:00:06.872000,12190,343,8,100,False,12,631.7155555555554
58,0 days 00:00:06.999000,12170,343,8,100,False,12,643.8158333333331
59,0 days 00:00:07.352000,12150,343,8,100,False,12,677.4488888888887
60,0 days 00:00:07.359000,12138,342,8,100,False,12,678.1138888888887
61,0 days 00:00:07.552000,12127,342,8,100,False,12,696.4488888888886
62,0 days 00:00:07.739000,12115,341,8,100,False,12,714.1619444444442
63,0 days 00:00:07.752000,12103,341,8,100,False,12,715.3933333333331
64,0 days 00:00:07.939000,12083,340,8,99,False,12,733.0544444444442
65,0 days 00:00:07.992000,12063,340,8,99,False,12,738.0599999999998
66,0 days 00:00:08.339000,12034,338,8,99,False,12,770.6394444444443
67,0 days 00:00:08.352000,12005,336,8,100,False,12,771.8527777777776
68,0 days 00:00:08.619000,11710,317,8,50,False,12,795.3636111111109
69,0 days 00:00:08.632000,11415,298,8,0,True,8,796.439722222222
70,0 days 00:00:08.839000,10913,280,8,0,True,8,812.539722222222
71,0 days 00:00:08.912000,10412,263,8,0,True,8,817.8727777777776
72,0 days 00:00:09.019000,10070,248,8,0,True,8,825.2438888888887
73,0 days 00:00:09.112000,9728,233,8,0,True,8,831.2630555555554
74,0 days 00:00:09.339000,9436,206,8,0,True,8,844.2524999999998
75,0 days 00:00:09.432000,9145,180,8,0,True,8,848.9024999999998
76,0 days 00:00:09.559000,9497,169,8,0,True,8,854.8644444444442
77,0 days 00:00:09.711000,9849,159,7,0,True,8,861.5777777777776
78,0 days 00:00:09.719000,10134,143,7,0,True,8,861.8955555555553
79,0 days 00:00:10.071000,10419,128,4,0,True,8,874.4111111111109
80,0 days 00:00:10.099000,10320,122,4,0,True,8,875.3599999999998
81,0 days 00:00:10.271000,10222,116,3,0,True,8,880.902222222222
82,0 days 00:00:10.318000,9726,111,3,0,True,8,882.3513888888887
83,0 days 00:00:10.431000,9231,107,2,0,True,8,885.7099999999998
84,0 days 00:00:10.578000,8695,102,2,0,True,8,889.8749999999998
85,0 days 00:00:10.711000,8159,98,2,0,True,8,893.4955555555554
86,0 days 00:00:10.739000,8004,94,2,0,True,8,894.2266666666665
87,0 days 00:00:10.951000,7849,90,2,0,True,8,899.5266666666664
88,0 days 00:00:11.019000,7688,87,2,0,True,8,901.1699999999997
89,0 days 00:00:11.238000,7527,85,2,0,True,8,906.3408333333331
90,0 days 00:00:11.311000,7366,83,2,0,False,8,908.0238888888887
91,0 days 00:00:11.458000,7225,81,2,0,False,8,911.3313888888887
92,0 days 00:00:11.471000,7084,80,2,1,False,8,911.6202777777776
93,0 days 00:00:11.619000,7046,79,2,10,False,8,914.8680555555553
94,0 days 00:00:11.631000,7008,79,2,20,False,8,915.1313888888886
95,0 days 00:00:11.819000,7140,78,2,35,False,8,919.204722222222
96,0 days 00:00:11.912000,7273,78,2,50,False,8,921.219722222222
97,0 days 00:00:12.139000,7144,81,2,33,False,8,926.327222222222
98,0 days 00:00:12.359000,7015,84,2,16,False,8,931.4605555555553
99,0 days 00:00:12.392000,6886,87,2,0,True,8,932.2580555555553
100,0 days 00:00:12.552000,6894,80,2,0,True,8,935.8136111111108
101,0 days 00:00:12.739000,6764,77,2,4,True,8,939.813333333333
102,0 days 00:00:12.792000,6635,75,2,9,False,8,940.9174999999997
103,0 days 00:00:12.952000,6855,73,2,16,False,8,944.1619444444441
104,0 days 00:00:12.999000,6890,73,2,20,False,8,945.1149999999997
105,0 days 00:00:13.078000,6925,74,2,25,False,8,946.7388888888885
106,0 days 00:00:13.232000,6960,75,2,30,False,8,949.9472222222219
107,0 days 00:00:13.398000,7138,76,2,38,False,8,953.4516666666663
108,0 days 00:00:13.552000,7316,78,2,47,False,8,956.788333333333
109,0 days 00:00:13.719000,7488,80,2,49,False,8,960.4994444444441
110,0 days 00:00:13.792000,7660,82,2,51,False,8,962.1622222222219
111,0 days 00:00:13.958000,7988,86,2,56,False,8,966.1277777777774
112,0 days 00:00:14.072000,8317,91,2,62,False,8,969.0094444444441
113,0 days 00:00:14.259000,8925,97,2,68,False,8,974.0480555555552
114,0 days 00:00:14.352000,9533,103,2,75,False,8,976.7088888888885
115,0 days 00:00:14.478000,10194,110,2,79,False,8,980.5588888888885
116,0 days 00:00:14.632000,10856,118,2,83,False,8,985.6066666666663
117,0 days 00:00:14.799000,10520,123,2,86,False,8,991.3124999999997
118,0 days 00:00:14.832000,10184,128,2,89,False,8,992.4858333333331
119,0 days 00:00:14.999000,10567,133,2,94,False,8,998.6555555555552
120,0 days 00:00:15.032000,10951,139,2,99,False,8,999.9297222222219
121,0 days 00:00:15.179000,10883,146,2,99,False,8,1005.8913888888886
122,0 days 00:00:15.340000,10815,153,2,99,False,8,1012.7338888888886
123,0 days 00:00:15.512000,10747,161,4,99,False,8,1020.4261111111108
124,0 days 00:00:15.712000,11111,171,4,99,False,8,1029.9261111111107
125,0 days 00:00:15.719000,11224,172,4,99,False,8,1030.2605555555551
126,0 days 00:00:15.872000,11337,174,4,99,False,8,1037.655555555555
127,0 days 00:00:15.999000,11269,181,4,99,False,8,1044.040833333333
128,0 days 00:00:16.072000,11201,188,4,99,False,8,1047.853055555555
129,0 days 00:00:16.219000,11147,190,4,99,False,8,1055.6113888888885
130,0 days 00:00:16.440000,11094,193,4,99,False,8,1067.459444444444
131,0 days 00:00:16.511000,11041,196,5,100,False,8,1071.3249999999994
132,0 days 00:00:16.599000,11186,203,5,100,False,8,1076.2872222222215
133,0 days 00:00:16.751000,11331,210,5,100,False,8,1085.1538888888883
134,0 days 00:00:16.838000,11592,215,5,100,False,8,1090.3497222222215
135,0 days 00:00:16.951000,11854,220,5,100,False,8,1097.255277777777
136,0 days 00:00:17.111000,11820,220,5,100,False,8,1107.033055555555
137,0 days 00:00:17.118000,11288,224,5,100,False,8,1107.4686111111105
138,0 days 00:00:17.311000,10756,229,6,100,False,8,1119.745555555555
139,0 days 00:00:17.519000,10906,233,6,100,False,8,1133.2077777777772
140,0 days 00:00:17.678000,11056,238,6,100,False,8,1143.719444444444
141,0 days 00:00:17.751000,11207,243,6,100,False,8,1148.646944444444
142,0 days 00:00:17.918000,11300,246,6,100,False,8,1160.0586111111106
143,0 days 00:00:18.159000,11393,249,6,100,False,8,1176.7277777777772
144,0 days 00:00:18.191000,11487,252,6,100,False,8,1178.9677777777772
145,0 days 00:00:18.339000,11384,254,6,100,False,8,1189.4099999999994
146,0 days 00:00:18.351000,11282,256,6,100,False,8,1190.2633333333329
147,0 days 00:00:18.592000,10982,261,7,100,False,8,1207.735833333333
148,0 days 00:00:18.679000,10792,263,7,100,False,8,1214.0916666666662
149,0 days 00:00:18.752000,10603,265,7,100,False,8,1219.4652777777774
150,0 days 00:00:18.899000,10734,267,7,100,False,8,1230.3677777777775
151,0 days 00:00:19.112000,10866,270,7,100,False,8,1246.3427777777774
152,0 days 00:00:19.259000,10968,271,7,100,False,8,1257.408611111111
153,0 days 00:00:19.312000,11070,272,7,100,False,8,1261.4130555555555
154,0 days 00:00:19.459000,11130,275,7,100,False,8,1272.642222222222
155,0 days 00:00:19.592000,11191,278,7,100,False,8,1282.9127777777776
156,0 days 00:00:19.678000,11257,280,7,100,False,8,1289.6016666666667
157,0 days 00:00:19.872000,11323,282,7,100,False,8,1304.7983333333332
158,0 days 00:00:19.878000,11391,283,7,100,False,8,1305.2699999999998
159,0 days 00:00:20.072000,11460,285,7,100,False,8,1320.628333333333
160,0 days 00:00:20.232000,11557,287,7,100,False,8,1333.3838888888886
161,0 days 00:00:20.259000,11558,287,7,100,False,8,1335.5363888888887
162,0 days 00:00:20.392000,11560,287,7,100,False,8,1346.1394444444443
163,0 days 00:00:20.419000,11326,289,7,100,False,8,1348.3069444444443
164,0 days 00:00:20.672000,11093,291,7,100,False,8,1368.7577777777776
165,0 days 00:00:20.699000,10955,292,7,100,False,8,1370.9477777777777
166,0 days 00:00:20.919000,10818,293,7,100,False,8,1388.8533333333332
167,0 days 00:00:21.079000,10680,294,7,100,False,8,1401.9199999999998
168,0 days 00:00:21.112000,10543,295,8,100,False,8,1404.6241666666663
169,0 days 00:00:21.352000,10610,298,8,100,False,8,1424.490833333333
170,0 days 00:00:21.559000,10629,299,8,100,False,8,1441.6833333333332
171,0 days 00:00:21.672000,10648,300,8,100,False,8,1451.1
172,0 days 00:00:21.819000,10704,300,8,100,False,8,1463.3499999999997
173,0 days 00:00:21.872000,10760,301,8,100,False,8,1467.7813888888886
174,0 days 00:00:22.019000,10771,301,8,100,False,8,1480.0722222222219
175,0 days 00:00:22.152000,10782,302,8,100,False,8,1491.2294444444442
176,0 days 00:00:22.392000,10917,304,8,100,False,8,1511.4961111111106
177,0 days 00:00:22.399000,10923,305,8,100,False,8,1512.0891666666662
178,0 days 00:00:22.579000,10930,306,8,100,False,8,1527.3891666666661
179,0 days 00:00:22.632000,10937,307,8,100,False,8,1531.9088888888884
180,0 days 00:00:22.832000,10978,307,8,100,False,8,1548.9644444444439
181,0 days 00:00:23,10987,307,8,100,False,8,1563.2911111111105
182,0 days 00:00:23.059000,10996,308,8,100,False,8,1568.3388888888883
183,0 days 00:00:23.151000,11006,309,8,100,False,8,1576.2355555555548
184,0 days 00:00:23.378000,11027,310,8,100,False,8,1595.782777777777
185,0 days 00:00:23.391000,11048,311,8,100,False,8,1596.9058333333323
186,0 days 00:00:23.711000,11132,311,8,100,False,8,1624.5502777777767
187,0 days 00:00:23.779000,11146,312,8,100,False,8,1630.4436111111102
188,0 days 00:00:23.991000,11160,313,8,100,False,8,1648.8758333333324
189,0 days 00:00:24.039000,11192,314,8,100,False,8,1653.062499999999
190,0 days 00:00:24.198000,11224,315,8,100,False,8,1666.974999999999
191,0 days 00:00:24.431000,11256,316,8,100,False,8,1687.4272222222212
192,0 days 00:00:24.659000,11278,316,8,100,False,8,1707.4405555555543
193,0 days 00:00:24.791000,11300,317,8,100,False,8,1719.0638888888877
194,0 days 00:00:24.939000,11342,317,8,100,False,8,1732.0961111111098
195,0 days 00:00:25.072000,11385,318,8,100,False,8,1743.844444444443
196,0 days 00:00:25.219000,11403,319,8,100,False,8,1756.8702777777767
197,0 days 00:00:25.352000,11421,320,8,100,False,8,1768.6924999999987
198,0 days 00:00:25.399000,11430,320,8,100,False,8,1772.8702777777767
199,0 days 00:00:25.672000,11440,321,8,100,False,8,1797.2127777777766
200,0 days 00:00:25.719000,11452,321,8,100,False,8,1801.40361111111
201,0 days 00:00:25.878000,11464,322,8,100,False,8,1815.6252777777765
202,0 days 00:00:25.952000,11477,323,8,100,False,8,1822.264722222221
203,0 days 00:00:26.152000,11513,324,8,99,False,8,1840.264722222221
204,0 days 00:00:26.352000,11549,324,8,99,False,8,1858.264722222221
205,0 days 00:00:26.379000,11558,325,8,99,False,8,1860.702222222221
206,0 days 00:00:26.718000,11568,326,8,99,False,8,1891.4005555555543
207,0 days 00:00:26.792000,11578,327,8,100,False,8,1898.1222222222211
208,0 days 00:00:26.939000,11595,326,8,100,False,8,1911.4338888888876
209,0 days 00:00:26.992000,11612,326,8,100,False,8,1916.2333333333322
210,0 days 00:00:27.059000,11601,325,8,100,False,8,1922.2819444444433
211,0 days 00:00:27.152000,11590,325,8,100,False,8,1930.6777777777766
212,0 days 00:00:27.258000,11581,324,8,99,False,8,1940.2177777777763
213,0 days 00:00:27.392000,11572,324,8,99,False,8,1952.2777777777762
214,0 days 00:00:27.592000,11474,324,8,99,False,8,1970.2777777777762
215,0 days 00:00:27.619000,11462,323,8,99,False,8,1972.7002777777764
216,0 days 00:00:27.752000,11451,322,8,99,True,8,1984.5963888888873
217,0 days 00:00:27.838000,11381,318,8,49,True,8,1992.193055555554
218,0 days 00:00:27.912000,11311,314,8,0,True,8,1998.6474999999984
219,0 days 00:00:28.039000,10471,289,8,0,True,8,2008.8427777777765
220,0 days 00:00:28.152000,9631,264,8,0,True,8,2017.1294444444432
221,0 days 00:00:28.239000,9193,248,8,0,True,8,2023.1227777777765
222,0 days 00:00:28.352000,8755,232,8,0,True,8,2030.4049999999986
223,0 days 00:00:28.592000,9122,204,7,1,True,8,2044.0049999999985
224,0 days 00:00:28.680000,8990,187,7,1,True,8,2048.5761111111096
225,0 days 00:00:28.872000,8858,171,7,1,True,8,2057.6961111111095
226,0 days 00:00:28.879000,8927,158,7,1,True,8,2058.0033333333317
227,0 days 00:00:29.192000,8996,146,5,2,True,8,2070.6972222222207
228,0 days 00:00:29.259000,8547,140,5,2,True,8,2073.302777777776
229,0 days 00:00:29.472000,8098,134,4,3,True,8,2081.2311111111094
230,0 days 00:00:29.559000,7948,130,4,2,True,8,2084.3727777777763
231,0 days 00:00:29.711000,7798,127,4,2,True,8,2089.7349999999983
232,0 days 00:00:29.819000,7719,123,4,4,True,8,2093.4249999999984
233,0 days 00:00:30.118000,7641,120,4,7,True,8,2103.391666666665
234,0 days 00:00:30.151000,7563,117,4,10,False,8,2104.4641666666653
235,0 days 00:00:30.299000,7588,116,4,19,False,8,2109.233055555554
236,0 days 00:00:30.431000,7613,115,4,28,False,8,2113.4497222222208
237,0 days 00:00:30.478000,7703,114,4,45,False,8,2114.938055555554
238,0 days 00:00:30.711000,7793,113,4,62,False,8,2122.251666666665
239,0 days 00:00:30.919000,7792,118,4,60,False,8,2129.069444444443
240,0 days 00:00:30.951000,7791,123,4,58,False,8,2130.1627777777762
241,0 days 00:00:31.351000,8456,127,4,51,False,8,2144.273888888887
242,0 days 00:00:31.378000,8554,128,4,56,False,8,2145.233888888887
243,0 days 00:00:31.591000,8653,129,4,61,False,8,2152.8663888888873
244,0 days 00:00:31.679000,8747,131,4,66,False,8,2156.0686111111095
245,0 days 00:00:31.752000,8842,133,4,71,False,8,2158.765555555554
246,0 days 00:00:31.898000,9136,136,4,80,False,8,2164.2811111111096
247,0 days 00:00:31.992000,9430,140,4,90,False,8,2167.936666666665
248,0 days 00:00:32.098000,9710,146,4,93,False,8,2172.235555555554
249,0 days 00:00:32.319000,9990,152,4,96,False,8,2181.5666666666652
250,0 days 00:00:32.352000,10270,158,4,99,False,8,2183.0149999999985
251,0 days 00:00:32.579000,10770,164,4,99,False,8,2193.35611111111
252,0 days 00:00:32.632000,11270,170,4,100,False,8,2195.8588888888876
253,0 days 00:00:32.738000,11240,176,4,99,False,8,2201.04111111111
254,0 days 00:00:32.938000,11210,182,4,99,False,8,2211.152222222221
255,0 days 00:00:33.032000,11180,188,4,99,False,8,2216.0611111111098
256,0 days 00:00:33.232000,10617,193,5,99,False,8,2226.783333333332
257,0 days 00:00:33.339000,10917,199,5,99,False,8,2232.698055555554
258,0 days 00:00:33.552000,11217,206,5,100,False,8,2244.8863888888877
259,0 days 00:00:33.619000,11273,209,5,100,False,8,2248.77611111111
260,0 days 00:00:33.752000,11329,212,5,100,False,8,2256.608333333332
261,0 days 00:00:33.912000,11663,212,5,99,False,8,2266.030555555554
262,0 days 00:00:33.919000,11643,216,5,99,False,8,2266.4505555555543
263,0 days 00:00:34.098000,11623,220,5,99,False,8,2277.389444444443
264,0 days 00:00:34.152000,11603,225,5,100,False,8,2280.764444444443
265,0 days 00:00:34.472000,10744,232,6,100,False,8,2301.3866666666654
266,0 days 00:00:34.479000,10830,234,6,100,False,8,2301.8416666666653
267,0 days 00:00:34.659000,10917,236,6,100,False,8,2313.6416666666655
268,0 days 00:00:34.672000,11004,238,6,100,False,8,2314.50111111111
269,0 days 00:00:34.859000,11158,240,6,100,False,8,2326.967777777777
270,0 days 00:00:34.872000,11312,243,6,100,False,8,2327.845277777777
271,0 days 00:00:35.259000,11501,248,6,100,False,8,2354.505277777777
272,0 days 00:00:35.312000,11691,253,6,100,False,8,2358.229999999999
273,0 days 00:00:35.519000,11773,255,6,100,False,8,2372.892499999999
274,0 days 00:00:35.752000,11856,258,6,100,False,8,2389.5908333333327
275,0 days 00:00:35.959000,11881,259,6,100,False,8,2404.4833333333327
276,0 days 00:00:35.992000,11907,260,6,100,False,8,2406.8666666666654
277,0 days 00:00:36.232000,12205,262,6,11,True,8,2424.333333333332
278,0 days 00:00:36.359000,11426,250,6,12,True,8,2433.152777777777
279,0 days 00:00:36.551000,10647,238,6,13,True,8,2445.84611111111
280,0 days 00:00:36.711000,11487,232,6,15,True,8,2456.1572222222208
281,0 days 00:00:36.718000,11442,227,6,16,True,8,2456.59861111111
282,0 days 00:00:36.911000,11398,223,5,17,True,8,2468.5538888888877
283,0 days 00:00:36.958000,11299,219,5,15,True,8,2471.4130555555544
284,0 days 00:00:37.111000,11200,215,5,13,True,8,2480.550555555554
285,0 days 00:00:37.139000,11051,213,5,13,True,8,2482.2072222222214
286,0 days 00:00:37.298000,10903,211,5,14,True,8,2491.526388888888
287,0 days 00:00:37.311000,10755,209,5,15,False,8,2492.28111111111
288,0 days 00:00:37.471000,10743,202,5,46,False,8,2501.2588888888877
289,0 days 00:00:37.479000,10814,201,5,64,False,8,2501.7055555555544
290,0 days 00:00:37.671000,10885,200,5,82,False,8,2512.372222222221
291,0 days 00:00:37.759000,10985,201,5,81,False,8,2517.2855555555543
292,0 days 00:00:37.919000,11085,202,5,80,False,8,2526.263333333332
293,0 days 00:00:37.951000,11185,203,5,79,False,8,2528.0677777777764
294,0 days 00:00:38.138000,11286,205,5,89,False,8,2538.716388888887
295,0 days 00:00:38.272000,11387,208,5,100,False,8,2546.4586111111093
296,0 days 00:00:38.398000,11597,212,5,99,False,8,2553.8786111111094
297,0 days 00:00:38.592000,11807,216,5,99,False,8,2565.5186111111093
298,0 days 00:00:38.859000,11243,218,5,99,False,8,2581.686944444443
299,0 days 00:00:38.872000,10680,221,5,99,False,8,2582.4849999999983
300,0 days 00:00:39.198000,10737,226,5,99,False,8,2602.950555555554
301,0 days 00:00:39.272000,10795,231,6,100,False,8,2607.698888888887
302,0 days 00:00:39.379000,10962,233,6,99,False,8,2614.6241666666647
303,0 days 00:00:39.472000,11130,236,6,99,False,8,2620.7208333333315
304,0 days 00:00:39.712000,11155,243,6,99,False,8,2636.9208333333318
305,0 days 00:00:39.719000,11308,246,6,99,False,8,2637.3991666666648
306,0 days 00:00:39.959000,11462,249,6,99,False,8,2653.999166666665
307,0 days 00:00:40.112000,11616,252,6,99,False,8,2664.709166666665
308,0 days 00:00:40.318000,11721,254,6,99,False,8,2679.243611111109
309,0 days 00:00:40.392000,11827,256,6,99,False,8,2684.505833333332
310,0 days 00:00:40.399000,11431,257,6,99,False,8,2685.0055555555537
311,0 days 00:00:40.699000,11035,259,6,99,False,8,2706.5888888888867
312,0 days 00:00:40.712000,10639,261,6,99,False,8,2707.5313888888872
313,0 days 00:00:40.959000,10634,263,6,99,False,8,2725.5761111111096
314,0 days 00:00:41.032000,10630,265,7,99,False,8,2730.9497222222203
315,0 days 00:00:41.272000,10654,265,7,99,False,8,2748.6163888888873
316,0 days 00:00:41.339000,10234,261,7,51,False,8,2753.4738888888874
317,0 days 00:00:41.512000,9814,258,7,3,True,8,2765.872222222221
318,0 days 00:00:41.539000,10052,246,7,2,True,8,2767.717222222221
319,0 days 00:00:41.672000,10290,235,7,1,True,8,2776.399166666665
320,0 days 00:00:41.952000,10764,220,7,9,True,8,2793.5102777777765
321,0 days 00:00:42,10772,212,7,9,True,8,2796.3369444444434
322,0 days 00:00:42.192000,10781,205,6,10,True,8,2807.2702777777768
323,0 days 00:00:42.399000,10565,199,6,8,True,8,2818.712777777777
324,0 days 00:00:42.432000,10350,194,5,6,True,8,2820.49111111111
325,0 days 00:00:42.580000,10392,192,5,31,True,8,2828.384444444443
326,0 days 00:00:42.799000,10434,190,5,56,True,8,2839.9427777777764
327,0 days 00:00:42.832000,10476,188,5,81,False,8,2841.66611111111
328,0 days 00:00:43.019000,10445,190,5,80,False,8,2851.5355555555543
329,0 days 00:00:43.191000,10415,192,5,79,False,8,2860.708888888888
330,0 days 00:00:43.198000,10760,195,5,89,False,8,2861.0880555555545
331,0 days 00:00:43.431000,11105,198,5,99,False,8,2873.9030555555546
332,0 days 00:00:43.439000,11135,198,5,99,False,8,2874.3430555555547
333,0 days 00:00:43.659000,11165,198,5,99,False,8,2886.4430555555546
334,0 days 00:00:43.671000,11195,198,5,99,False,8,2887.1030555555544
335,0 days 00:00:43.818000,11306,204,5,99,False,8,2895.4330555555543
336,0 days 00:00:43.991000,11417,210,5,99,False,8,2905.524722222221
337,0 days 00:00:44.078000,11256,216,5,99,False,8,2910.7447222222213
338,0 days 00:00:44.151000,11095,222,5,99,False,8,2915.246388888888
339,0 days 00:00:44.358000,10844,225,5,99,False,8,2928.1838888888874
340,0 days 00:00:44.511000,10594,229,6,99,False,8,2937.916388888888
341,0 days 00:00:44.671000,10921,235,6,99,False,8,2948.3608333333323
342,0 days 00:00:44.739000,11020,237,6,99,False,8,2952.8374999999987
343,0 days 00:00:44.872000,11120,240,6,99,False,8,2961.7041666666655
344,0 days 00:00:44.918000,11244,242,6,99,False,8,2964.7963888888876
345,0 days 00:00:45.032000,11368,245,6,99,False,8,2972.554722222221
346,0 days 00:00:45.192000,11484,246,6,100,False,8,2983.488055555554
347,0 days 00:00:45.339000,11529,248,6,100,False,8,2993.6147222222207
348,0 days 00:00:45.392000,11575,251,6,100,False,8,2997.309999999999
349,0 days 00:00:45.478000,11294,253,6,100,False,8,3003.353888888888
350,0 days 00:00:45.592000,11014,255,6,100,False,8,3011.4288888888877
351,0 days 00:00:45.819000,10841,258,6,100,False,8,3027.697222222221
352,0 days 00:00:45.912000,10669,262,6,100,False,14,3034.465555555554
353,0 days 00:00:46.072000,11027,264,6,99,False,14,3046.1988888888877
354,0 days 00:00:46.119000,11005,266,6,99,False,14,3049.6716666666653
355,0 days 00:00:46.298000,10984,269,6,99,False,14,3063.0469444444434
356,0 days 00:00:46.352000,10963,272,7,99,False,12,3067.126944444443
357,0 days 00:00:46.459000,11056,273,7,99,False,12,3075.24111111111
358,0 days 00:00:46.618000,11149,275,7,99,False,12,3087.386944444443
359,0 days 00:00:46.712000,11243,277,7,100,False,12,3094.619722222221
360,0 days 00:00:46.872000,11454,281,7,100,False,12,3107.1086111111094
361,0 days 00:00:46.979000,11487,282,7,100,False,12,3115.490277777776
362,0 days 00:00:47.032000,11520,284,7,100,False,12,3119.671388888887
363,0 days 00:00:47.138000,11580,286,7,100,False,12,3128.0924999999984
364,0 days 00:00:47.272000,11641,288,7,100,False,12,3138.812499999998
365,0 days 00:00:47.552000,10594,290,7,100,False,12,3161.368055555554
366,0 days 00:00:47.579000,10598,292,7,100,False,12,3163.558055555554
367,0 days 00:00:47.779000,10602,294,7,100,False,12,3179.8913888888874
368,0 days 00:00:47.792000,10607,296,8,100,False,12,3180.960277777776
369,0 days 00:00:47.952000,10811,298,8,100,False,12,3194.20472222222
370,0 days 00:00:48.079000,10857,299,8,100,False,12,3204.752777777776
371,0 days 00:00:48.299000,10903,301,8,100,False,12,3223.14722222222
372,0 days 00:00:48.472000,10949,303,8,100,False,12,3237.7080555555535
373,0 days 00:00:48.599000,10959,304,8,99,False,12,3248.4324999999976
374,0 days 00:00:48.672000,10970,306,8,99,False,12,3254.6374999999975
375,0 days 00:00:48.832000,11073,307,8,100,False,12,3268.281944444442
376,0 days 00:00:48.979000,11139,308,8,99,False,12,3280.8586111111085
377,0 days 00:00:49.219000,11205,310,8,99,False,12,3301.5252777777755
378,0 days 00:00:49.272000,11272,312,8,99,False,12,3306.1186111111087
379,0 days 00:00:49.432000,11272,315,8,99,False,12,3320.118611111109
380,0 days 00:00:49.599000,11306,315,8,99,False,12,3334.731111111109
381,0 days 00:00:49.632000,11341,316,8,99,False,12,3337.627777777776
382,0 days 00:00:49.791000,11380,317,8,100,False,12,3351.628611111109
383,0 days 00:00:49.858000,11406,318,8,100,False,12,3357.5469444444425
384,0 days 00:00:49.991000,11432,319,8,100,False,12,3369.3322222222205
385,0 days 00:00:50.098000,11445,320,8,99,False,12,3378.8433333333314
386,0 days 00:00:50.151000,11459,321,8,99,False,12,3383.5691666666653
387,0 days 00:00:50.479000,11518,323,8,99,False,12,3412.998055555554
388,0 days 00:00:50.551000,11577,325,8,100,False,12,3419.4980555555544
389,0 days 00:00:50.638000,11607,325,8,100,False,12,3427.352222222221
390,0 days 00:00:50.751000,11637,326,8,100,False,12,3437.5849999999987
391,0 days 00:00:50.819000,11665,326,8,100,False,12,3443.742777777777
392,0 days 00:00:50.911000,11693,327,8,100,False,12,3452.0994444444436
393,0 days 00:00:51.019000,11739,328,8,100,False,12,3461.9394444444433
394,0 days 00:00:51.299000,11785,329,8,100,False,12,3487.5283333333323
395,0 days 00:00:51.311000,11832,330,8,100,False,12,3488.628333333332
396,0 days 00:00:51.539000,11841,330,8,100,False,12,3509.5283333333323
397,0 days 00:00:51.592000,11850,331,8,100,False,12,3514.4013888888876
398,0 days 00:00:51.778000,11879,332,8,100,False,12,3531.554722222221
399,0 days 00:00:51.872000,11908,334,8,100,False,12,3540.2758333333322
400,0 days 00:00:52.099000,11904,334,8,99,False,12,3561.3363888888875
401,0 days 00:00:52.112000,11901,335,8,99,False,12,3562.5461111111103
402,0 days 00:00:52.272000,11943,335,8,100,False,12,3577.434999999999
403,0 days 00:00:52.359000,11962,336,8,100,False,12,3585.5549999999994
404,0 days 00:00:52.472000,11982,337,8,100,False,12,3596.133055555555
405,0 days 00:00:52.499000,12018,337,8,99,False,12,3598.660555555555
406,0 days 00:00:52.672000,12055,337,8,99,False,12,3614.855277777777
407,0 days 00:00:52.679000,12060,338,8,99,False,12,3615.5124999999994
408,0 days 00:00:52.952000,12065,339,8,100,False,12,3641.219999999999
409,0 days 00:00:52.999000,12078,339,8,99,False,12,3645.6458333333326
410,0 days 00:00:53.232000,12092,339,8,99,False,12,3667.5866666666657
411,0 days 00:00:53.439000,12051,338,8,99,False,12,3687.0216666666656
412,0 days 00:00:53.632000,12011,338,8,99,False,12,3705.142222222221
413,0 days 00:00:53.639000,11985,338,8,99,False,12,3705.7994444444435
414,0 days 00:00:53.872000,11959,338,8,99,False,12,3727.675555555554
415,0 days 00:00:53.958000,11940,337,8,99,False,12,3735.7261111111097
416,0 days 00:00:54.139000,11922,337,8,99,False,12,3752.6697222222215
417,0 days 00:00:54.152000,11904,337,8,99,False,12,3753.886666666666
418,0 days 00:00:54.399000,11911,336,8,99,False,12,3776.939999999999
419,0 days 00:00:54.472000,11918,335,8,99,False,12,3783.7330555555545
420,0 days 00:00:54.520000,11728,330,8,50,False,12,3788.1330555555546
421,0 days 00:00:54.752000,11538,325,8,2,True,8,3809.077499999999
422,0 days 00:00:54.819000,10838,307,8,1,True,8,3814.7911111111102
423,0 days 00:00:54.992000,10138,289,8,1,True,8,3828.6791666666654
424,0 days 00:00:55.019000,10239,275,8,1,True,8,3830.7416666666654
425,0 days 00:00:55.199000,10341,261,8,1,True,8,3843.7916666666656
426,0 days 00:00:55.232000,10443,247,8,2,True,8,3846.0558333333324
427,0 days 00:00:55.512000,11097,228,8,5,True,8,3863.789166666666
428,0 days 00:00:55.539000,11051,222,8,5,True,8,3865.454166666666
429,0 days 00:00:55.579000,11005,216,8,5,True,8,3867.854166666666
430,0 days 00:00:55.752000,10960,211,6,5,True,8,3877.9938888888883
431,0 days 00:00:55.859000,10688,205,6,17,True,8,3884.086944444444
432,0 days 00:00:56.112000,10416,200,5,30,False,8,3898.1424999999995
433,0 days 00:00:56.180000,10348,197,5,36,False,8,3901.8636111111105
434,0 days 00:00:56.272000,10281,194,5,42,False,8,3906.821388888888
435,0 days 00:00:56.338000,10244,192,5,42,False,8,3910.341388888888
436,0 days 00:00:56.432000,10208,191,5,42,False,8,3915.3286111111106
437,0 days 00:00:56.578000,10229,191,5,49,False,8,3923.0747222222217
438,0 days 00:00:56.631000,10251,191,5,57,False,8,3925.886666666666
439,0 days 00:00:56.638000,10347,191,5,65,False,8,3926.2580555555546
440,0 days 00:00:56.838000,10443,191,5,73,False,8,3936.869166666666
441,0 days 00:00:56.871000,10540,192,5,82,False,8,3938.629166666666
442,0 days 00:00:57.111000,10821,198,5,99,False,8,3951.829166666666
443,0 days 00:00:57.158000,10942,202,5,90,False,8,3954.4663888888886
444,0 days 00:00:57.311000,11063,206,5,82,False,8,3963.2213888888887
445,0 days 00:00:57.339000,10448,207,5,81,False,8,3964.831388888889
446,0 days 00:00:57.511000,9834,208,6,80,False,8,3974.769166666667
447,0 days 00:00:57.559000,10014,210,6,89,False,8,3977.5691666666667
448,0 days 00:00:57.751000,10194,213,6,98,False,8,3988.929166666667
449,0 days 00:00:57.919000,10217,215,6,98,False,8,3998.9625
450,0 days 00:00:57.992000,10240,218,6,99,False,8,4003.3830555555555
451,0 days 00:00:58.139000,10472,222,6,99,False,8,4012.448055555556
452,0 days 00:00:58.298000,10704,226,6,99,False,8,4022.4297222222226
453,0 days 00:00:58.432000,10937,230,6,99,False,8,4030.9908333333337
454,0 days 00:00:58.619000,10946,233,6,99,False,8,4043.093888888889
455,0 days 00:00:58.792000,10956,237,6,99,False,8,4054.483055555556
456,0 days 00:00:58.979000,11135,240,6,99,False,8,4066.9497222222226
457,0 days 00:00:59.138000,11314,243,6,99,False,8,4077.6822222222227
458,0 days 00:00:59.152000,11493,246,6,99,False,8,4078.6388888888896
459,0 days 00:00:59.319000,11576,247,6,99,False,8,4090.0969444444454
460,0 days 00:00:59.352000,11660,249,6,99,False,8,4092.379444444445
461,0 days 00:00:59.632000,11789,254,6,99,False,8,4112.135000000001
462,0 days 00:00:59.678000,11356,255,6,99,False,8,4115.393333333334
463,0 days 00:00:59.979000,10923,256,6,99,False,8,4136.797777777779
464,0 days 00:01:00.072000,10491,258,7,99,False,8,4143.462777777779
465,0 days 00:01:00.139000,10571,261,7,99,False,8,4148.320277777779
466,0 days 00:01:00.439000,10651,264,7,99,False,8,4170.320277777779
467,0 days 00:01:00.472000,10731,267,7,99,False,8,4172.767777777779
468,0 days 00:01:00.599000,10825,268,7,99,False,8,4182.222222222223
469,0 days 00:01:00.672000,10919,269,7,99,False,8,4187.676944444445
470,0 days 00:01:00.872000,11027,273,7,99,False,8,4202.843611111112
471,0 days 00:01:01.038000,11097,275,7,99,False,8,4215.524166666668
472,0 days 00:01:01.152000,11167,277,7,99,False,8,4224.295833333335
473,0 days 00:01:01.279000,11200,279,7,99,False,8,4234.138333333335
474,0 days 00:01:01.432000,11233,282,7,99,False,8,4246.123333333335
475,0 days 00:01:01.479000,11279,282,7,99,False,8,4249.805000000001
476,0 days 00:01:01.600000,11325,282,7,99,False,8,4259.283333333335
477,0 days 00:01:01.672000,11371,283,7,99,False,8,4264.9433333333345
478,0 days 00:01:01.799000,11508,285,7,99,False,8,4274.997500000001
479,0 days 00:01:01.952000,11645,287,7,100,False,8,4287.1950000000015
480,0 days 00:01:02.019000,11647,289,7,100,False,8,4292.573611111113
481,0 days 00:01:02.152000,11649,291,7,100,False,8,4303.324444444446
482,0 days 00:01:02.180000,11267,292,7,99,False,8,4305.595555555557
483,0 days 00:01:02.379000,10885,293,7,99,False,8,4321.791944444446
484,0 days 00:01:02.472000,10503,295,7,99,False,8,4329.412777777779
485,0 days 00:01:02.619000,10540,297,7,99,False,8,4341.540277777779
486,0 days 00:01:02.872000,10577,299,8,99,False,8,4362.553333333334
487,0 days 00:01:02.918000,10671,300,8,99,False,8,4366.386666666667
488,0 days 00:01:03.072000,10765,301,8,100,False,8,4379.262777777779
489,0 days 00:01:03.098000,10802,302,8,100,False,8,4381.44388888889
490,0 days 00:01:03.351000,10840,304,8,100,False,8,4402.808333333334
491,0 days 00:01:03.478000,10907,305,8,100,False,8,4413.568055555556
492,0 days 00:01:03.671000,10974,306,8,100,False,8,4429.973055555556
493,0 days 00:01:03.738000,11039,307,8,100,False,8,4435.686666666667
494,0 days 00:01:03.911000,11105,309,8,100,False,8,4450.535833333334
495,0 days 00:01:03.978000,11105,309,8,99,False,8,4456.286666666668
496,0 days 00:01:04.151000,11105,309,8,99,False,8,4471.135833333334
497,0 days 00:01:04.178000,11107,310,8,99,False,8,4473.4608333333335
498,0 days 00:01:04.431000,11109,311,8,100,False,8,4495.317222222223
499,0 days 00:01:04.558000,11161,312,8,100,False,8,4506.32388888889
500,0 days 00:01:04.712000,11214,313,8,100,False,8,4519.713333333334
501,0 days 00:01:04.758000,11229,314,8,99,False,8,4523.725555555556
502,0 days 00:01:04.952000,11244,315,8,99,False,8,4540.700555555556
503,0 days 00:01:04.999000,11252,315,8,99,False,8,4544.813055555556
504,0 days 00:01:05.159000,11260,316,8,99,False,8,4558.857500000002
505,0 days 00:01:05.232000,11269,317,8,100,False,8,4565.285555555557
506,0 days 00:01:05.439000,11272,317,8,100,False,8,4583.513055555556
507,0 days 00:01:05.638000,11275,317,8,100,False,8,4601.036111111112
508,0 days 00:01:05.672000,11279,318,8,100,False,8,4604.039444444445
509,0 days 00:01:05.799000,11336,319,8,99,False,8,4615.293055555557
510,0 days 00:01:05.959000,11393,320,8,99,False,8,4629.5152777777785
511,0 days 00:01:05.992000,11450,321,8,99,False,8,4632.457777777779
512,0 days 00:01:06.218000,11452,321,8,99,False,8,4652.609444444445
513,0 days 00:01:06.232000,11454,322,8,100,False,8,4653.861666666667
514,0 days 00:01:06.432000,11522,322,8,100,False,8,4671.750555555556
515,0 days 00:01:06.499000,11518,322,8,99,False,8,4677.743333333334
516,0 days 00:01:06.559000,11514,323,8,99,False,8,4683.126666666667
517,0 days 00:01:06.632000,11510,324,8,99,False,8,4689.696666666668
518,0 days 00:01:06.799000,11535,324,8,99,False,8,4704.726666666667
519,0 days 00:01:06.872000,11560,325,8,99,False,8,4711.316944444445
520,0 days 00:01:06.959000,11596,325,8,99,False,8,4719.171111111112
521,0 days 00:01:07.112000,11632,326,8,99,False,8,4733.026111111111
522,0 days 00:01:07.279000,11621,326,8,99,False,8,4748.148888888889
523,0 days 00:01:07.352000,11611,326,8,100,False,8,4754.759444444445
524,0 days 00:01:07.632000,11671,327,8,100,False,8,4780.192777777778
525,0 days 00:01:07.699000,11674,327,8,99,False,8,4786.278611111111
526,0 days 00:01:07.832000,11678,328,8,99,False,8,4798.396388888888
527,0 days 00:01:07.959000,11681,328,8,99,False,8,4809.967500000001
528,0 days 00:01:08.032000,11684,329,8,99,False,8,4816.638888888889
529,0 days 00:01:08.199000,11684,329,8,99,False,8,4831.900833333333
530,0 days 00:01:08.272000,11684,329,8,99,False,8,4838.572222222223
531,0 days 00:01:08.459000,11701,329,8,99,False,8,4855.661944444445
532,0 days 00:01:08.512000,11719,329,8,99,False,8,4860.5055555555555
533,0 days 00:01:08.739000,11721,329,8,99,False,8,4881.2508333333335
534,0 days 00:01:08.752000,11723,329,8,99,False,8,4882.438888888888
535,0 days 00:01:08.992000,11722,330,8,100,False,8,4904.438888888889
536,0 days 00:01:09.119000,11682,329,8,99,False,8,4916.045277777777
537,0 days 00:01:09.280000,11642,328,8,99,False,8,4930.714166666667
538,0 days 00:01:09.312000,11603,328,8,99,False,8,4933.629722222222
539,0 days 00:01:09.512000,11589,326,8,99,False,8,4951.740833333333
540,0 days 00:01:09.559000,11567,325,8,99,False,8,4955.983888888889
541,0 days 00:01:09.779000,11546,324,8,99,False,8,4975.783888888889
542,0 days 00:01:09.792000,11525,324,8,99,False,8,4976.953888888889
543,0 days 00:01:09.958000,11522,323,8,99,False,8,4991.847777777778
544,0 days 00:01:09.991000,11520,323,8,99,False,8,4994.8086111111115
545,0 days 00:01:10.191000,11469,321,8,99,True,8,5012.6419444444455
546,0 days 00:01:10.198000,11259,306,8,51,True,8,5013.236944444445
547,0 days 00:01:10.351000,11049,292,8,3,True,8,5025.646944444446
548,0 days 00:01:10.438000,10761,276,8,3,True,8,5032.316944444446
549,0 days 00:01:10.631000,10473,261,7,3,True,8,5046.309444444446
550,0 days 00:01:10.818000,10548,253,7,4,True,8,5059.4513888888905
551,0 days 00:01:10.979000,10623,245,7,5,True,8,5070.408333333335
552,0 days 00:01:11.071000,10699,238,6,7,True,8,5076.490555555557
553,0 days 00:01:11.159000,10559,234,6,8,True,8,5082.210555555557
554,0 days 00:01:11.232000,10419,230,6,10,True,8,5086.8744444444455
555,0 days 00:01:11.432000,10073,220,6,35,False,8,5099.096666666668
556,0 days 00:01:11.459000,9930,219,6,27,False,8,5100.739166666668
557,0 days 00:01:11.592000,9788,219,6,20,False,8,5108.830000000001
558,0 days 00:01:11.699000,9943,217,6,34,False,8,5115.279722222223
559,0 days 00:01:11.752000,10098,215,6,48,False,8,5118.445000000001
560,0 days 00:01:11.878000,10083,213,6,64,False,8,5125.900000000001
561,0 days 00:01:11.992000,10069,211,6,80,False,8,5132.581666666668
562,0 days 00:01:12.099000,10137,212,6,78,False,8,5138.882777777779
563,0 days 00:01:12.232000,10205,213,6,77,False,8,5146.751944444445
564,0 days 00:01:12.279000,10229,214,6,84,False,8,5149.545833333334
565,0 days 00:01:12.392000,10254,216,6,91,False,8,5156.325833333333
566,0 days 00:01:12.478000,10255,218,6,95,False,8,5161.533611111111
567,0 days 00:01:12.552000,10256,221,6,99,False,8,5166.07638888889
568,0 days 00:01:12.639000,10494,223,6,99,False,8,5171.4655555555555
569,0 days 00:01:12.832000,10732,226,6,100,False,8,5183.581666666667
570,0 days 00:01:12.839000,10718,228,6,100,False,8,5184.025000000001
571,0 days 00:01:12.998000,10705,230,6,100,False,8,5194.183333333334
572,0 days 00:01:13.152000,10692,232,6,100,False,8,5204.107777777778
573,0 days 00:01:13.278000,10895,234,6,100,False,8,5212.297777777779
574,0 days 00:01:13.512000,11098,236,6,100,False,8,5227.637777777778
575,0 days 00:01:13.519000,11154,238,6,100,False,8,5228.100555555556
576,0 days 00:01:13.672000,11210,240,6,100,False,8,5238.300555555556
577,0 days 00:01:13.739000,11254,242,6,100,False,8,5242.804444444445
578,0 days 00:01:13.999000,11298,245,6,100,False,8,5260.498888888888
579,0 days 00:01:14.072000,11342,248,6,100,False,8,5265.527777777777
580,0 days 00:01:14.279000,11520,250,6,100,False,8,5279.902777777777
581,0 days 00:01:14.392000,11698,253,6,100,False,8,5287.844166666666
582,0 days 00:01:14.539000,11106,256,6,100,False,8,5298.2975
583,0 days 00:01:14.752000,10514,259,6,100,False,8,5313.621666666666
584,0 days 00:01:14.759000,10514,260,6,100,False,8,5314.1272222222215
585,0 days 00:01:14.992000,10514,262,7,100,False,8,5331.084444444444
586,0 days 00:01:14.999000,10514,263,7,100,False,8,5331.595833333332
587,0 days 00:01:15.152000,10514,265,7,100,False,8,5342.858333333333
588,0 days 00:01:15.352000,10908,269,7,100,False,8,5357.802777777777
589,0 days 00:01:15.399000,10982,271,7,100,False,8,5361.340833333333
590,0 days 00:01:15.639000,11056,273,7,100,False,8,5379.540833333333
591,0 days 00:01:15.752000,11130,275,7,100,False,8,5388.172777777777
592,0 days 00:01:15.839000,11195,276,7,100,False,8,5394.842777777777
593,0 days 00:01:15.952000,11261,278,7,100,False,8,5403.568888888888
594,0 days 00:01:15.998000,11294,279,7,100,False,8,5407.133888888889
595,0 days 00:01:16.112000,11328,280,7,100,False,8,5416.0005555555545
596,0 days 00:01:16.258000,11376,281,7,100,False,8,5427.396666666666
597,0 days 00:01:16.312000,11425,282,7,100,False,8,5431.626666666666
598,0 days 00:01:16.478000,11444,283,7,100,False,8,5444.67611111111
599,0 days 00:01:16.659000,11464,285,7,100,False,8,5459.005277777777
600,0 days 00:01:16.671000,11484,287,7,100,False,8,5459.961944444444
601,0 days 00:01:16.919000,11500,289,7,100,False,8,5479.8708333333325
602,0 days 00:01:17.031000,11517,291,7,100,False,8,5488.924166666667
603,0 days 00:01:17.219000,10979,292,7,99,False,8,5504.173055555555
604,0 days 00:01:17.231000,10442,294,8,99,False,8,5505.1530555555555
605,0 days 00:01:17.511000,10560,297,8,100,False,8,5528.253055555556
606,0 days 00:01:17.558000,10608,297,8,100,False,8,5532.130555555556
607,0 days 00:01:17.712000,10656,298,8,100,False,8,5544.878333333334
608,0 days 00:01:17.918000,10728,300,8,100,False,8,5562.045000000001
609,0 days 00:01:18.152000,10801,303,8,100,False,8,5581.740000000001
610,0 days 00:01:18.178000,10829,304,8,100,False,8,5583.935555555556
611,0 days 00:01:18.392000,10857,305,8,100,False,8,5602.066111111111
612,0 days 00:01:18.398000,10882,305,8,100,False,8,5602.574444444444
613,0 days 00:01:18.698000,10907,306,8,100,False,8,5628.074444444444
614,0 days 00:01:18.792000,10933,307,8,100,False,8,5636.090555555556
615,0 days 00:01:18.859000,10953,308,8,100,False,8,5641.822777777778
616,0 days 00:01:18.952000,10973,309,8,100,False,8,5649.805277777778
617,0 days 00:01:19.139000,11012,309,8,100,False,8,5665.856111111111
618,0 days 00:01:19.392000,11051,309,8,100,False,8,5687.571944444445
619,0 days 00:01:19.399000,11035,310,8,100,False,8,5688.174722222223
620,0 days 00:01:19.632000,11019,311,8,100,False,8,5708.303333333334
621,0 days 00:01:19.759000,11065,311,8,100,False,8,5719.274722222222
622,0 days 00:01:19.959000,11111,311,8,100,False,8,5736.552500000001
623,0 days 00:01:20.072000,11157,312,8,100,False,8,5746.345833333334
624,0 days 00:01:20.161000,11152,312,8,100,False,8,5754.059166666667
